日期,收支,類別,摘要,金額
115.12.04,收入,社費,社費紀錄036,四千一百
115.06.05,支出,交通,交通紀錄042,700元
115.06.08,收入,社費,社費紀錄078,"2,900元"
115.09.09,收入,活動收入,活動收入紀錄093,2600
2026/1/9,收入,社費,社費紀錄085,2800
2026/4/3,收入,活動收入,活動收入紀錄016,三千七百
2026/1/8,收入,贊助,贊助紀錄073,2200
2026/1/6,支出,交通,交通紀錄049,4100
115.12.07,收入,活動收入,活動收入紀錄072,一千六百
5月8日,支出,交通,交通紀錄077,2500
2026/7/4,收入,贊助,贊助紀錄031,$4000
115.03.05,支出,器材,器材紀錄039,$4600
2026/7/5,收入,社費,社費紀錄043,$2700
8月9日,收入,社費,社費紀錄092,七百
2026/10/2,收入,贊助,贊助紀錄010,"1,600元"
115.12.02,支出,場地,場地紀錄012,五百
8月6日,支出,交通,交通紀錄056,二千二百
5月2日,支出,場地,場地紀錄005,400
2026/10/8,支出,場地,場地紀錄082,"3,200元"
115.06.02,支出,聚餐,餐費紀錄006,"3,700元"
115.06.07,收入,贊助,贊助紀錄066,400元
2026/1/10,支出,餐費,餐費紀錄097,700
8月4日,支出,器材,器材紀錄032,三千八百
2026/10/5,支出,器材,器材紀錄046,"2,300元"
2026/10/9,收入,贊助,贊助紀錄094,700元
115.09.05,收入,贊助,贊助紀錄045,3700
115.03.05,支出,器材,器材紀錄039,$4600
2026/1/4,支出,器材,器材紀錄025,4900
5月5日,支出,吃飯,餐費紀錄041,800
5月7日,收入,活動收入,活動收入紀錄065,3400
5月3日,收入,贊助,贊助紀錄017,1600
2026/4/9,支出,器材,器材紀錄088,三千二百
2月7日,支出,吃飯,餐費紀錄062,"4,700元"
11月5日,支出,場地,場地紀錄047,$600
5月9日,支出,場地,場地紀錄089,3200
8月2日,收入,社費,社費紀錄008,四千四百
115.09.07,支出,聚餐,餐費紀錄069,1800
2026/7/2,支出,交通,交通紀錄007,$3500
115.09.02,收入,活動收入,活動收入紀錄009,600
115.03.09,收入,贊助,贊助紀錄087,$4800
2月9日,收入,活動收入,活動收入紀錄086,"1,200元"
115.09.08,支出,器材,器材紀錄081,4700
115.03.07,支出,交通,交通紀錄063,$600
11月3日,收入,活動收入,活動收入紀錄023,$2900
115.09.06,收入,社費,社費紀錄057,3800
115.06.06,支出,場地,場地紀錄054,"1,000元"
2月8日,支出,器材,器材紀錄074,"1,400元"
115.03.04,支出,聚餐,餐費紀錄027,$1000
2026/10/7,支出,交通,交通紀錄070,"4,600元"
2026/1/5,收入,活動收入,活動收入紀錄037,600
115.09.03,支出,交通,交通紀錄021,4300
11月2日,支出,器材,器材紀錄011,$2700
11月8日,支出,吃飯,餐費紀錄083,$1300
2月10日,支出,交通,交通紀錄098,300元
2月6日,收入,社費,社費紀錄050,400元
11月4日,支出,交通,交通紀錄035,$3000
2026/7/7,支出,器材,器材紀錄067,$2700
2026/4/4,支出,交通,交通紀錄028,七百
2026/4/6,收入,贊助,贊助紀錄052,二千
2月3日,支出,交通,交通紀錄014,"1,600元"
2月5日,收入,贊助,贊助紀錄038,"2,000元"
8月8日,收入,贊助,贊助紀錄080,四百
115.03.06,收入,活動收入,活動收入紀錄051,$200
2026/7/8,收入,活動收入,活動收入紀錄079,$3500
2026/1/3,支出,餐費,餐費紀錄013,1200
2026/1/2,收入,社費,社費紀錄001,2800
8月5日,收入,活動收入,活動收入紀錄044,三千一百
5月7日,收入,活動收入,活動收入紀錄065,3400
2026/10/6,收入,活動收入,活動收入紀錄058,"3,500元"
115.12.05,支出,聚餐,餐費紀錄048,二千
2026/4/10,收入,活動收入,活動收入紀錄100,一千二百
11月9日,支出,器材,器材紀錄095,$3900
8月7日,支出,場地,場地紀錄068,三千五百
115.06.09,支出,聚餐,餐費紀錄090,"1,400元"
11月3日,收入,活動收入,活動收入紀錄023,$2900
2026/4/5,支出,場地,場地紀錄040,四千八百
2026/4/8,支出,餐費,餐費紀錄076,八百
11月7日,收入,社費,社費紀錄071,$700
115.12.08,支出,交通,交通紀錄084,二千三百
2026/7/9,支出,交通,交通紀錄091,$4000
2026/4/7,收入,社費,社費紀錄064,二千
115.12.03,收入,贊助,贊助紀錄024,九百
5月6日,支出,器材,器材紀錄053,4900
2月4日,支出,場地,場地紀錄026,"3,600元"
115.06.03,支出,器材,器材紀錄018,600元
115.03.02,收入,贊助,贊助紀錄003,$500
2026/10/3,收入,社費,社費紀錄022,"2,200元"
8月2日,收入,社費,社費紀錄008,四千四百
115.03.03,收入,社費,社費紀錄015,$3700
8月9日,收入,社費,社費紀錄092,七百
2月2日,收入,活動收入,活動收入紀錄002,200元
115.03.08,支出,場地,場地紀錄075,$500
115.12.06,支出,器材,器材紀錄060,二千八百
115.03.10,收入,社費,社費紀錄099,$2200
2026/7/6,支出,餐費,餐費紀錄055,$2700
5月4日,收入,社費,社費紀錄029,2300
8月3日,支出,吃飯,餐費紀錄020,三千六百
115.12.09,支出,場地,場地紀錄096,三千四百
2026/4/2,支出,器材,器材紀錄004,一千二
115.09.04,支出,場地,場地紀錄033,4700
11月6日,收入,贊助,贊助紀錄059,$1100
2026/1/7,支出,場地,場地紀錄061,3100
2026/10/4,支出,餐費,餐費紀錄034,"4,300元"
2026/7/3,支出,場地,場地紀錄019,$4000
115.06.04,收入,活動收入,活動收入紀錄030,"1,900元"
