單號,日期,付款人,項目,金額,幣別,換算TWD匯率,分攤對象,付款方式
P01,2026-09-01,阿凱,住宿,5880,TWD,1,阿凱、阿哲、大雄、小美、阿翔、佳佳、Momo,刷卡
P02,2026-09-02,小美,車資,3360,TWD,1,小美、Momo、小婷、阿凱、阿哲、大雄、阿翔,現金
P03,2026-09-03,阿哲,餐費,4200,TWD,1,佳佳、阿凱、大雄,刷卡
P04,2026-09-04,佳佳,門票,840,TWD,1,大雄、小婷、阿哲、阿翔、阿凱、Momo、小美、佳佳,現金
P05,2026-09-05,大雄,點心,2520,TWD,1,阿哲、阿凱、阿翔、小婷、佳佳、Momo、大雄,刷卡
P06,2026-09-06,小婷,住宿,4200,TWD,1,阿翔、大雄、Momo、小婷、阿哲、佳佳,現金
P07,2026-09-07,阿翔,車資,5880,TWD,1,小美、大雄、佳佳、阿哲,刷卡
P08,2026-09-08,Momo,餐費,4200,TWD,1,阿翔、佳佳、大雄、小美、阿哲,現金
P09,2026-09-01,阿凱,門票,4200,TWD,1,阿翔、阿哲、佳佳、小婷、小美、阿凱、大雄,刷卡
P10,2026-09-02,小美,點心,4200,TWD,1,Momo、佳佳、阿哲、大雄、小婷、阿凱,現金
P11,2026-09-03,阿哲,住宿,5040,TWD,1,阿哲、佳佳、小美、阿凱、大雄、小婷,刷卡
P12,2026-09-04,佳佳,車資,5040,TWD,1,阿翔、小婷、阿凱,現金
P13,2026-09-05,大雄,餐費,10000,JPY,0.21,阿凱、小美、阿哲,刷卡
P14,2026-09-06,小婷,門票,840,TWD,1,小美、小婷、大雄、Momo,現金
P15,2026-09-07,阿翔,點心,5040,TWD,1,大雄、Momo、佳佳、小美、阿凱、阿翔、阿哲,刷卡
P16,2026-09-08,Momo,住宿,4200,TWD,1,小美、阿翔、Momo、阿哲、小婷、阿凱,現金
P17,2026-09-01,阿凱,車資,2520,TWD,1,Momo、阿翔、小婷、佳佳、阿凱、阿哲、大雄、小美,刷卡
P18,2026-09-02,小美,餐費,3360,TWD,1,阿哲、小美、阿凱、大雄、小婷、佳佳,現金
P19,2026-09-03,阿哲,門票,1680,TWD,1,阿哲、佳佳、大雄、小婷、阿凱、小美,刷卡
P20,2026-09-04,佳佳,點心,4200,TWD,1,小美、阿凱、Momo,現金
P21,2026-09-05,大雄,住宿,5880,TWD,1,阿凱、Momo、小婷、阿哲、小美、阿翔、大雄、佳佳,刷卡
P22,2026-09-06,小婷,車資,3360,TWD,1,小婷、小美、大雄、阿翔、阿凱、佳佳、阿哲,現金
P23,2026-09-07,阿翔,餐費,1680,TWD,1,佳佳、小婷、阿凱、阿翔,刷卡
P24,2026-09-08,Momo,門票,4200,TWD,1,阿翔、大雄、佳佳、阿凱、小婷、Momo、小美,現金
P25,2026-09-01,阿凱,點心,5040,TWD,1,阿凱、阿哲、大雄、阿翔、Momo、佳佳,刷卡
