日期,時間,分店,品項代號,品項名稱,杯數,單價,單位成本
2026-07-01,12:00,本店,D01,紅茶,5,30,24
2026-07-02,11:07,南店,D01,紅茶,5,30,24
2026-07-03,12:14,北店,D01,紅茶,5,30,24
2026-07-04,12:21,本店,D01,紅茶,5,30,24
2026-07-05,14:28,南店,D01,紅茶,5,30,24
2026-07-06,15:35,北店,D01,紅茶,5,30,24
2026-07-07,12:42,本店,D01,紅茶,5,30,24
2026-07-08,17:49,南店,D01,紅茶,5,30,24
2026-07-09,18:56,北店,D01,紅茶,5,30,24
2026-07-10,12:03,本店,D01,紅茶,5,30,24
2026-07-11,20:10,南店,D01,紅茶,5,30,24
2026-07-12,10:17,北店,D01,紅茶,5,30,24
2026-07-13,12:24,本店,D01,紅茶,5,30,24
2026-07-14,12:31,南店,D01,紅茶,5,30,24
2026-07-15,13:38,北店,D01,紅茶,5,30,24
2026-07-16,12:45,本店,D01,紅茶,5,30,24
2026-07-17,15:52,南店,D01,紅茶,5,30,24
2026-07-18,16:59,北店,D01,紅茶,5,30,24
2026-07-19,12:06,本店,D01,紅茶,5,30,24
2026-07-20,18:13,南店,D01,紅茶,5,30,24
2026-07-21,19:20,北店,D01,紅茶,5,30,24
2026-07-22,12:27,本店,D01,紅茶,5,30,24
2026-07-23,10:34,南店,D01,紅茶,5,30,24
2026-07-24,11:41,北店,D01,紅茶,5,30,24
2026-07-25,12:48,本店,D01,紅茶,5,30,24
2026-07-26,13:55,南店,D01,紅茶,5,30,24
2026-07-27,14:02,北店,D01,紅茶,5,30,24
2026-07-28,12:09,本店,D01,紅茶,5,30,24
2026-07-01,16:16,南店,D01,紅茶,5,30,24
2026-07-02,17:23,北店,D01,紅茶,5,30,24
2026-07-03,12:30,本店,D01,紅茶,5,30,24
2026-07-04,19:37,南店,D01,紅茶,5,30,24
2026-07-05,20:44,北店,D01,紅茶,5,30,24
2026-07-06,12:51,本店,D01,紅茶,5,30,24
2026-07-07,11:58,南店,D01,紅茶,5,30,24
2026-07-08,12:05,北店,D01,紅茶,5,30,24
2026-07-09,12:12,本店,D01,紅茶,5,30,24
2026-07-10,14:19,南店,D01,紅茶,5,30,24
2026-07-11,15:26,北店,D01,紅茶,5,30,24
2026-07-12,12:33,本店,D01,紅茶,5,30,24
2026-07-13,17:40,南店,D01,紅茶,5,30,24
2026-07-14,18:47,北店,D01,紅茶,5,30,24
2026-07-15,12:54,本店,D01,紅茶,5,30,24
2026-07-16,20:01,南店,D01,紅茶,5,30,24
2026-07-17,10:08,北店,D01,紅茶,5,30,24
2026-07-18,12:15,本店,D01,紅茶,5,30,24
2026-07-19,12:22,南店,D01,紅茶,5,30,24
2026-07-20,13:29,北店,D01,紅茶,5,30,24
2026-07-21,12:36,本店,D01,紅茶,5,30,24
2026-07-22,15:43,南店,D01,紅茶,5,30,24
2026-07-23,16:50,北店,D01,紅茶,5,30,24
2026-07-24,12:57,本店,D01,紅茶,5,30,24
2026-07-25,18:04,南店,D01,紅茶,5,30,24
2026-07-26,19:11,北店,D01,紅茶,5,30,24
2026-07-27,12:18,本店,D01,紅茶,5,30,24
2026-07-28,10:25,南店,D01,紅茶,5,30,24
2026-07-01,11:32,北店,D01,紅茶,5,30,24
2026-07-02,12:39,本店,D01,紅茶,5,30,24
2026-07-03,13:46,南店,D01,紅茶,5,30,24
2026-07-04,14:53,北店,D01,紅茶,5,30,24
2026-07-05,12:00,本店,D01,紅茶,5,30,24
2026-07-06,16:07,南店,D01,紅茶,5,30,24
2026-07-07,17:14,北店,D01,紅茶,5,30,24
2026-07-08,12:21,本店,D01,紅茶,5,30,24
2026-07-09,19:28,南店,D01,紅茶,5,30,24
2026-07-10,20:35,北店,D01,紅茶,5,30,24
2026-07-11,12:42,本店,D01,紅茶,5,30,24
2026-07-12,11:49,南店,D01,紅茶,5,30,24
2026-07-13,12:56,北店,D01,紅茶,5,30,24
2026-07-14,12:03,本店,D01,紅茶,5,30,24
2026-07-15,14:10,南店,D01,紅茶,5,30,24
2026-07-16,15:17,北店,D01,紅茶,5,30,24
2026-07-17,12:24,本店,D01,紅茶,5,30,24
2026-07-18,17:31,南店,D01,紅茶,5,30,24
2026-07-19,18:38,北店,D01,紅茶,5,30,24
2026-07-20,12:45,本店,D01,紅茶,5,30,24
2026-07-21,20:52,南店,D01,紅茶,5,30,24
2026-07-22,10:59,北店,D01,紅茶,5,30,24
2026-07-23,12:06,本店,D01,紅茶,5,30,24
2026-07-24,12:13,南店,D01,紅茶,5,30,24
2026-07-25,13:20,北店,D01,紅茶,5,30,24
2026-07-26,12:27,本店,D01,紅茶,5,30,24
2026-07-27,15:34,南店,D01,紅茶,5,30,24
2026-07-28,16:41,北店,D01,紅茶,5,30,24
2026-07-01,12:48,本店,D01,紅茶,5,30,24
2026-07-02,18:55,南店,D01,紅茶,5,30,24
2026-07-03,19:02,北店,D01,紅茶,5,30,24
2026-07-04,12:09,本店,D01,紅茶,5,30,24
2026-07-05,10:16,南店,D01,紅茶,5,30,24
2026-07-06,11:23,北店,D01,紅茶,5,30,24
2026-07-07,12:30,本店,D01,紅茶,5,30,24
2026-07-08,13:37,南店,D01,紅茶,5,30,24
2026-07-09,14:44,北店,D01,紅茶,5,30,24
2026-07-10,12:51,本店,D01,紅茶,5,30,24
2026-07-11,16:58,南店,D01,紅茶,5,30,24
2026-07-12,17:05,北店,D01,紅茶,5,30,24
2026-07-13,12:12,本店,D01,紅茶,5,30,24
2026-07-14,19:19,南店,D01,紅茶,5,30,24
2026-07-15,20:26,北店,D01,紅茶,5,30,24
2026-07-16,12:33,本店,D01,紅茶,5,30,24
2026-08-17,11:40,南店,D03,珍珠奶茶,4,65,18
2026-08-18,12:47,北店,D03,珍珠奶茶,4,65,18
2026-08-19,12:54,本店,D03,珍珠奶茶,4,65,18
2026-08-20,14:01,南店,D03,珍珠奶茶,4,65,18
2026-08-21,15:08,北店,D03,珍珠奶茶,4,65,18
2026-08-22,12:15,本店,D03,珍珠奶茶,4,65,18
2026-08-23,17:22,南店,D03,珍珠奶茶,4,65,18
2026-08-24,18:29,北店,D03,珍珠奶茶,4,65,18
2026-08-25,12:36,本店,D03,珍珠奶茶,4,65,18
2026-08-26,20:43,南店,D03,珍珠奶茶,4,65,18
2026-08-27,10:50,北店,D03,珍珠奶茶,4,65,18
2026-08-28,12:57,本店,D03,珍珠奶茶,4,65,18
2026-08-01,12:04,南店,D03,珍珠奶茶,4,65,18
2026-08-02,13:11,北店,D03,珍珠奶茶,4,65,18
2026-08-03,12:18,本店,D03,珍珠奶茶,4,65,18
2026-08-04,15:25,南店,D03,珍珠奶茶,4,65,18
2026-08-05,16:32,北店,D03,珍珠奶茶,4,65,18
2026-08-06,12:39,本店,D03,珍珠奶茶,4,65,18
2026-08-07,18:46,南店,D03,珍珠奶茶,4,65,18
2026-08-08,19:53,北店,D03,珍珠奶茶,4,65,18
2026-08-09,12:00,本店,D03,珍珠奶茶,4,65,18
2026-08-10,10:07,南店,D03,珍珠奶茶,4,65,18
2026-08-11,11:14,北店,D03,珍珠奶茶,4,65,18
2026-08-12,12:21,本店,D03,珍珠奶茶,4,65,18
2026-08-13,13:28,南店,D03,珍珠奶茶,4,65,18
2026-08-14,14:35,北店,D03,珍珠奶茶,4,65,18
2026-08-15,12:42,本店,D03,珍珠奶茶,4,65,18
2026-08-16,16:49,南店,D03,珍珠奶茶,4,65,18
2026-08-17,17:56,北店,D03,珍珠奶茶,4,65,18
2026-08-18,12:03,本店,D03,珍珠奶茶,4,65,18
2026-08-19,19:10,南店,D03,珍珠奶茶,4,65,18
2026-08-20,20:17,北店,D03,珍珠奶茶,4,65,18
2026-08-21,12:24,本店,D03,珍珠奶茶,4,65,18
2026-08-22,11:31,南店,D03,珍珠奶茶,4,65,18
2026-08-23,12:38,北店,D03,珍珠奶茶,4,65,18
2026-08-24,12:45,本店,D03,珍珠奶茶,4,65,18
2026-08-25,14:52,南店,D03,珍珠奶茶,4,65,18
2026-08-26,15:59,北店,D03,珍珠奶茶,4,65,18
2026-08-27,12:06,本店,D03,珍珠奶茶,4,65,18
2026-08-28,17:13,南店,D03,珍珠奶茶,4,65,18
2026-08-01,18:20,北店,D03,珍珠奶茶,4,65,18
2026-08-02,12:27,本店,D03,珍珠奶茶,4,65,18
2026-08-03,20:34,南店,D03,珍珠奶茶,4,65,18
2026-08-04,10:41,北店,D03,珍珠奶茶,4,65,18
2026-08-05,12:48,本店,D03,珍珠奶茶,4,65,18
2026-08-06,12:55,南店,D03,珍珠奶茶,4,65,18
2026-08-07,13:02,北店,D03,珍珠奶茶,4,65,18
2026-08-08,12:09,本店,D03,珍珠奶茶,4,65,18
2026-08-09,15:16,南店,D03,珍珠奶茶,4,65,18
2026-08-10,16:23,北店,D03,珍珠奶茶,4,65,18
2026-08-11,12:30,本店,D03,珍珠奶茶,4,65,18
2026-08-12,18:37,南店,D03,珍珠奶茶,4,65,18
2026-08-13,19:44,北店,D03,珍珠奶茶,4,65,18
2026-08-14,12:51,本店,D03,珍珠奶茶,4,65,18
2026-08-15,10:58,南店,D03,珍珠奶茶,4,65,18
2026-08-16,11:05,北店,D03,珍珠奶茶,4,65,18
2026-08-17,12:12,本店,D03,珍珠奶茶,4,65,18
2026-08-18,13:19,南店,D03,珍珠奶茶,4,65,18
2026-08-19,14:26,北店,D03,珍珠奶茶,4,65,18
2026-08-20,12:33,本店,D03,珍珠奶茶,4,65,18
2026-08-21,16:40,南店,D03,珍珠奶茶,4,65,18
2026-08-22,17:47,北店,D03,珍珠奶茶,4,65,18
2026-08-23,12:54,本店,D03,珍珠奶茶,4,65,18
2026-08-24,19:01,南店,D03,珍珠奶茶,4,65,18
2026-08-25,20:08,北店,D03,珍珠奶茶,4,65,18
2026-08-26,12:15,本店,D03,珍珠奶茶,4,65,18
2026-08-27,11:22,南店,D03,珍珠奶茶,4,65,18
2026-08-28,12:29,北店,D03,珍珠奶茶,4,65,18
2026-08-01,12:36,本店,D03,珍珠奶茶,4,65,18
2026-08-02,14:43,南店,D03,珍珠奶茶,4,65,18
2026-08-03,15:50,北店,D02,綠茶,3,30,20
2026-08-04,12:57,本店,D03,珍珠奶茶,4,65,18
2026-08-05,17:04,南店,D04,鮮奶茶,2,70,36
2026-08-06,18:11,北店,D05,冬瓜茶,3,30,18
2026-08-07,12:18,本店,D06,檸檬茶,1,50,20
2026-08-08,20:25,南店,D07,烏龍茶,2,35,17
2026-08-09,10:32,北店,D08,可可鮮奶,3,80,45
2026-08-10,12:39,本店,D02,綠茶,1,30,20
2026-08-11,12:46,南店,D03,珍珠奶茶,4,65,18
2026-08-12,13:53,北店,D04,鮮奶茶,3,70,36
2026-08-13,12:00,本店,D05,冬瓜茶,1,30,18
2026-08-14,15:07,南店,D06,檸檬茶,2,50,20
2026-08-15,16:14,北店,D07,烏龍茶,3,35,17
2026-08-16,12:21,本店,D08,可可鮮奶,1,80,45
2026-08-17,18:28,南店,D02,綠茶,2,30,20
2026-08-18,19:35,北店,D03,珍珠奶茶,4,65,18
2026-08-19,12:42,本店,D04,鮮奶茶,1,70,36
2026-08-20,10:49,南店,D05,冬瓜茶,2,30,18
2026-08-21,11:56,北店,D06,檸檬茶,3,50,20
2026-08-22,12:03,本店,D07,烏龍茶,1,35,17
2026-08-23,13:10,南店,D08,可可鮮奶,2,80,45
2026-08-24,14:17,北店,D02,綠茶,3,30,20
2026-08-25,12:24,本店,D03,珍珠奶茶,4,65,18
2026-08-26,16:31,南店,D04,鮮奶茶,2,70,36
2026-08-27,17:38,北店,D05,冬瓜茶,3,30,18
2026-08-28,12:45,本店,D06,檸檬茶,1,50,20
2026-08-01,19:52,南店,D07,烏龍茶,2,35,17
2026-08-02,20:59,北店,D08,可可鮮奶,3,80,45
2026-08-03,12:06,本店,D02,綠茶,1,30,20
2026-08-04,11:13,南店,D03,珍珠奶茶,4,65,18
2026-09-05,12:20,北店,D04,鮮奶茶,3,70,36
2026-09-06,12:27,本店,D05,冬瓜茶,1,30,18
2026-09-07,14:34,南店,D06,檸檬茶,2,50,20
2026-09-08,15:41,北店,D07,烏龍茶,3,35,17
2026-09-09,12:48,本店,D08,可可鮮奶,1,80,45
2026-09-10,17:55,南店,D02,綠茶,2,30,20
2026-09-11,18:02,北店,D03,珍珠奶茶,4,65,18
2026-09-12,12:09,本店,D04,鮮奶茶,1,70,36
2026-09-13,20:16,南店,D05,冬瓜茶,2,30,18
2026-09-14,10:23,北店,D06,檸檬茶,3,50,20
2026-09-15,12:30,本店,D07,烏龍茶,1,35,17
2026-09-16,12:37,南店,D08,可可鮮奶,2,80,45
2026-09-17,13:44,北店,D02,綠茶,3,30,20
2026-09-18,12:51,本店,D03,珍珠奶茶,4,65,18
2026-09-19,15:58,南店,D04,鮮奶茶,2,70,36
2026-09-20,16:05,北店,D05,冬瓜茶,3,30,18
2026-09-21,12:12,本店,D06,檸檬茶,1,50,20
2026-09-22,18:19,南店,D07,烏龍茶,2,35,17
2026-09-23,19:26,北店,D08,可可鮮奶,3,80,45
2026-09-24,12:33,本店,D02,綠茶,1,30,20
2026-09-25,10:40,南店,D03,珍珠奶茶,4,65,18
2026-09-26,11:47,北店,D04,鮮奶茶,3,70,36
2026-09-27,12:54,本店,D05,冬瓜茶,1,30,18
2026-09-28,13:01,南店,D06,檸檬茶,2,50,20
2026-09-01,14:08,北店,D07,烏龍茶,3,35,17
2026-09-02,12:15,本店,D08,可可鮮奶,1,80,45
2026-09-03,16:22,南店,D02,綠茶,2,30,20
2026-09-04,17:29,北店,D03,珍珠奶茶,4,65,18
2026-09-05,12:36,本店,D04,鮮奶茶,1,70,36
2026-09-06,19:43,南店,D05,冬瓜茶,2,30,18
2026-09-07,20:50,北店,D06,檸檬茶,3,50,20
2026-09-08,12:57,本店,D07,烏龍茶,1,35,17
2026-09-09,11:04,南店,D08,可可鮮奶,2,80,45
2026-09-10,12:11,北店,D02,綠茶,3,30,20
2026-09-11,12:18,本店,D03,珍珠奶茶,4,65,18
2026-09-12,14:25,南店,D04,鮮奶茶,2,70,36
2026-09-13,15:32,北店,D05,冬瓜茶,3,30,18
2026-09-14,12:39,本店,D06,檸檬茶,1,50,20
2026-09-15,17:46,南店,D07,烏龍茶,2,35,17
2026-09-16,18:53,北店,D08,可可鮮奶,3,80,45
2026-09-17,12:00,本店,D02,綠茶,1,30,20
2026-09-18,20:07,南店,D03,珍珠奶茶,4,65,18
2026-09-19,10:14,北店,D04,鮮奶茶,3,70,36
2026-09-20,12:21,本店,D05,冬瓜茶,1,30,18
2026-09-21,12:28,南店,D06,檸檬茶,2,50,20
2026-09-22,13:35,北店,D07,烏龍茶,3,35,17
2026-09-23,12:42,本店,D08,可可鮮奶,1,80,45
2026-09-24,15:49,南店,D02,綠茶,2,30,20
2026-09-25,16:56,北店,D03,珍珠奶茶,4,65,18
2026-09-26,12:03,本店,D04,鮮奶茶,1,70,36
2026-09-27,18:10,南店,D05,冬瓜茶,2,30,18
2026-09-28,19:17,北店,D06,檸檬茶,3,50,20
2026-09-01,12:24,本店,D07,烏龍茶,1,35,17
2026-09-02,10:31,南店,D08,可可鮮奶,2,80,45
2026-09-03,11:38,北店,D02,綠茶,3,30,20
2026-09-04,12:45,本店,D03,珍珠奶茶,4,65,18
2026-09-05,13:52,南店,D04,鮮奶茶,2,70,36
2026-09-06,14:59,北店,D05,冬瓜茶,3,30,18
2026-09-07,12:06,本店,D06,檸檬茶,1,50,20
2026-09-08,16:13,南店,D07,烏龍茶,2,35,17
2026-09-09,17:20,北店,D08,可可鮮奶,3,80,45
2026-09-10,12:27,本店,D02,綠茶,1,30,20
2026-09-11,19:34,南店,D03,珍珠奶茶,4,65,18
2026-09-12,20:41,北店,D04,鮮奶茶,3,70,36
2026-09-13,12:48,本店,D05,冬瓜茶,1,30,18
2026-09-14,11:55,南店,D06,檸檬茶,2,50,20
2026-09-15,12:02,北店,D07,烏龍茶,3,35,17
2026-09-16,12:09,本店,D08,可可鮮奶,1,80,45
2026-09-17,14:16,南店,D02,綠茶,2,30,20
2026-09-18,15:23,北店,D03,珍珠奶茶,4,65,18
2026-09-19,12:30,本店,D04,鮮奶茶,1,70,36
2026-09-20,17:37,南店,D05,冬瓜茶,2,30,18
2026-09-21,18:44,北店,D06,檸檬茶,3,50,20
2026-09-22,12:51,本店,D07,烏龍茶,1,35,17
2026-09-23,20:58,南店,D08,可可鮮奶,2,80,45
2026-09-24,10:05,北店,D02,綠茶,3,30,20
2026-09-25,12:12,本店,D03,珍珠奶茶,4,65,18
2026-09-26,12:19,南店,D04,鮮奶茶,2,70,36
2026-09-27,13:26,北店,D05,冬瓜茶,3,30,18
2026-09-28,12:33,本店,D06,檸檬茶,1,50,20
2026-09-01,15:40,南店,D07,烏龍茶,2,35,17
2026-09-02,16:47,北店,D08,可可鮮奶,3,80,45
2026-09-03,12:54,本店,D02,綠茶,1,30,20
2026-09-04,18:01,南店,D03,珍珠奶茶,4,65,18
2026-09-05,19:08,北店,D04,鮮奶茶,3,70,36
2026-09-06,12:15,本店,D05,冬瓜茶,1,30,18
2026-09-07,10:22,南店,D06,檸檬茶,2,50,20
2026-09-08,11:29,北店,D07,烏龍茶,3,35,17
2026-09-09,12:36,本店,D08,可可鮮奶,1,80,45
2026-09-10,13:43,南店,D02,綠茶,2,30,20
2026-09-11,14:50,北店,D03,珍珠奶茶,4,65,18
2026-09-12,12:57,本店,D04,鮮奶茶,1,70,36
2026-09-13,16:04,南店,D05,冬瓜茶,2,30,18
2026-09-14,17:11,北店,D06,檸檬茶,3,50,20
2026-09-15,12:18,本店,D07,烏龍茶,1,35,17
2026-09-16,19:25,南店,D08,可可鮮奶,2,80,45
2026-09-17,20:32,北店,D02,綠茶,3,30,20
2026-09-18,12:39,本店,D03,珍珠奶茶,4,65,18
2026-09-19,11:46,南店,D04,鮮奶茶,2,70,36
2026-09-20,12:53,北店,D05,冬瓜茶,3,30,18
