單號,申請人,部門,日期,星期,類別,金額,發票號碼,供應商,核准人,說明
EX001,同仁01,行政,2026-09-01,二,辦公費,200,RX000001,供應商01,主管甲,部門用品批次1
EX002,同仁02,業務,2026-09-02,三,辦公費,237,RX000002,供應商02,主管甲,部門用品批次2
EX003,同仁03,研發,2026-09-03,四,辦公費,274,RX000003,供應商03,主管甲,部門用品批次3
EX004,同仁04,行政,2026-09-04,五,辦公費,311,RX000004,供應商04,主管甲,部門用品批次4
EX005,同仁05,業務,2026-09-07,一,辦公費,348,DUPA001,供應商05,主管甲,部門用品批次5
EX006,同仁06,研發,2026-09-07,一,辦公費,385,DUPA001,供應商06,主管甲,部門用品批次6
EX007,同仁07,行政,2026-09-07,一,辦公費,422,RX000007,供應商07,主管甲,部門用品批次7
EX008,同仁08,業務,2026-09-08,二,辦公費,459,RX000008,供應商08,主管甲,部門用品批次8
EX009,同仁09,研發,2026-09-09,三,辦公費,496,RX000009,供應商09,主管甲,部門用品批次9
EX010,同仁10,行政,2026-09-10,四,辦公費,533,RX000010,供應商10,主管甲,部門用品批次10
EX011,同仁11,業務,2026-09-11,五,辦公費,570,RX000011,供應商11,主管甲,部門用品批次11
EX012,同仁12,研發,2026-09-07,一,辦公費,607,RX000012,供應商12,主管甲,部門用品批次12
EX013,同仁01,行政,2026-09-07,一,辦公費,644,RX000013,供應商13,主管甲,部門用品批次13
EX014,同仁02,業務,2026-09-14,一,辦公費,681,RX000014,供應商14,主管甲,部門用品批次14
EX015,同仁03,研發,2026-09-15,二,辦公費,718,RX000015,供應商15,主管甲,部門用品批次15
EX016,同仁04,行政,2026-09-16,三,辦公費,755,RX000016,供應商01,主管甲,部門用品批次16
EX017,同仁05,業務,2026-09-17,四,辦公費,792,RX000017,供應商02,主管甲,部門用品批次17
EX018,同仁06,研發,2026-09-18,五,辦公費,829,RX000018,供應商03,主管甲,部門用品批次18
EX019,同仁07,行政,2026-09-07,一,辦公費,866,RX000019,供應商04,主管甲,部門用品批次19
EX020,同仁08,業務,2026-09-07,一,辦公費,903,RX000020,供應商05,主管甲,部門用品批次20
EX021,同仁09,研發,2026-09-21,一,辦公費,940,RX000021,供應商06,主管甲,部門用品批次21
EX022,同仁10,行政,2026-09-22,二,辦公費,977,RX000022,供應商07,主管甲,部門用品批次22
EX023,同仁11,業務,2026-09-23,三,辦公費,1014,RX000023,供應商08,主管甲,部門用品批次23
EX024,同仁12,研發,2026-09-24,四,辦公費,1051,RX000024,供應商09,主管甲,部門用品批次24
EX025,同仁01,行政,2026-09-25,五,辦公費,4980,RX000025,供應商10,主管甲,其他
EX026,同仁02,業務,2026-09-01,二,辦公費,1125,RX000026,供應商11,主管甲,部門用品批次26
EX027,同仁03,研發,2026-09-02,三,辦公費,1162,RX000027,供應商12,主管甲,部門用品批次27
EX028,同仁04,行政,2026-09-03,四,辦公費,1199,RX000028,供應商13,主管甲,部門用品批次28
EX029,同仁05,業務,2026-09-04,五,辦公費,1236,RX000029,供應商14,主管甲,部門用品批次29
EX030,同仁06,研發,2026-09-07,一,辦公費,1273,RX000030,供應商15,主管甲,部門用品批次30
EX031,同仁07,行政,2026-09-07,一,辦公費,1310,RX000031,供應商01,主管甲,部門用品批次31
EX032,同仁08,業務,2026-09-07,一,辦公費,1347,RX000032,供應商02,主管甲,部門用品批次32
EX033,同仁09,研發,2026-09-08,二,辦公費,1384,RX000033,供應商03,主管甲,部門用品批次33
EX034,同仁10,行政,2026-09-09,三,辦公費,4999,RX000034,供應商04,主管甲,雜支
EX035,同仁11,業務,2026-09-10,四,辦公費,1458,RX000035,供應商05,主管甲,部門用品批次35
EX036,同仁12,研發,2026-09-11,五,辦公費,1495,RX000036,供應商06,主管甲,部門用品批次36
EX037,同仁01,行政,2026-09-07,一,辦公費,1532,RX000037,供應商07,主管甲,部門用品批次37
EX038,同仁02,業務,2026-09-07,一,辦公費,1569,RX000038,供應商08,主管甲,部門用品批次38
EX039,同仁03,研發,2026-09-14,一,辦公費,1606,RX000039,供應商09,主管甲,部門用品批次39
EX040,同仁04,行政,2026-09-15,二,辦公費,1643,RX000040,供應商10,主管甲,部門用品批次40
EX041,同仁05,業務,2026-09-16,三,辦公費,1680,RX000041,供應商11,主管甲,部門用品批次41
EX042,同仁06,研發,2026-09-17,四,辦公費,1717,RX000042,供應商12,主管甲,部門用品批次42
EX043,同仁07,行政,2026-09-12,六,交際費,16800,RX000043,供應商13,主管甲,週末客戶餐敘
EX044,同仁08,業務,2026-09-07,一,辦公費,1791,RX000044,供應商14,主管甲,部門用品批次44
EX045,同仁09,研發,2026-09-07,一,辦公費,1828,RX000045,供應商15,主管甲,部門用品批次45
EX046,同仁10,行政,2026-09-21,一,辦公費,1865,RX000046,供應商01,主管甲,部門用品批次46
EX047,同仁11,業務,2026-09-22,二,辦公費,1902,RX000047,供應商02,主管甲,部門用品批次47
EX048,同仁12,研發,2026-09-23,三,辦公費,1939,RX000048,供應商03,主管甲,部門用品批次48
EX049,同仁01,行政,2026-09-24,四,辦公費,1976,RX000049,供應商04,主管甲,部門用品批次49
EX050,同仁02,業務,2026-09-25,五,辦公費,2013,RX000050,供應商05,主管甲,部門用品批次50
EX051,同仁03,研發,2026-09-01,二,辦公費,2050,RX000051,供應商06,主管甲,部門用品批次51
EX052,同仁04,行政,2026-09-02,三,辦公費,2087,RX000052,供應商07,同仁04,部門用品批次52
EX053,同仁05,業務,2026-09-03,四,辦公費,2124,RX000053,供應商08,主管甲,部門用品批次53
EX054,同仁06,研發,2026-09-04,五,辦公費,2161,RX000054,供應商09,主管甲,部門用品批次54
EX055,同仁07,行政,2026-09-07,一,辦公費,2198,RX000055,供應商10,主管甲,部門用品批次55
EX056,同仁08,業務,2026-09-07,一,辦公費,2235,RX000056,供應商11,主管甲,部門用品批次56
EX057,同仁09,研發,2026-09-07,一,辦公費,2272,RX000057,供應商12,主管甲,部門用品批次57
EX058,同仁10,行政,2026-09-08,二,辦公費,2309,RX000058,供應商13,主管甲,部門用品批次58
EX059,同仁11,業務,2026-09-09,三,辦公費,2346,RX000059,供應商14,主管甲,部門用品批次59
EX060,同仁12,研發,2026-09-10,四,辦公費,2383,RX000060,供應商15,主管甲,部門用品批次60
EX061,同仁07,行政,2026-09-18,五,辦公費,3200,RX000061,供應商拆單,主管甲,同批設備零件
EX062,同仁07,業務,2026-09-18,五,辦公費,2900,RX000062,供應商拆單,主管甲,同批設備零件
EX063,同仁03,研發,2026-09-07,一,辦公費,2494,RX000063,供應商03,主管甲,部門用品批次63
EX064,同仁04,行政,2026-09-14,一,辦公費,2531,RX000064,供應商04,主管甲,部門用品批次64
EX065,同仁05,業務,2026-09-15,二,辦公費,2568,RX000065,供應商05,主管甲,部門用品批次65
EX066,同仁06,研發,2026-09-16,三,辦公費,2605,RX000066,供應商06,主管甲,部門用品批次66
EX067,同仁07,行政,2026-09-17,四,辦公費,2642,RX000067,供應商07,主管甲,部門用品批次67
EX068,同仁08,業務,2026-09-18,五,辦公費,2679,RX000068,供應商08,主管甲,部門用品批次68
EX069,同仁09,研發,2026-09-07,一,辦公費,2716,RX000069,供應商09,主管甲,部門用品批次69
EX070,同仁10,行政,2026-09-07,一,辦公費,2753,RX000070,供應商10,主管甲,部門用品批次70
EX071,同仁11,業務,2026-09-21,一,辦公費,2790,RX000071,供應商11,主管甲,部門用品批次71
EX072,同仁12,研發,2026-09-22,二,辦公費,2827,RX000072,供應商12,主管甲,部門用品批次72
EX073,同仁01,行政,2026-09-23,三,辦公費,2864,RX000073,供應商13,主管甲,部門用品批次73
EX074,同仁02,業務,2026-09-24,四,辦公費,10000,RX000074,供應商14,主管甲,
EX075,同仁03,研發,2026-09-25,五,辦公費,2938,RX000075,供應商15,主管甲,部門用品批次75
EX076,同仁04,行政,2026-09-01,二,辦公費,2975,RX000076,供應商01,主管甲,部門用品批次76
EX077,同仁05,業務,2026-09-02,三,辦公費,3012,RX000077,供應商02,主管甲,部門用品批次77
EX078,同仁06,研發,2026-09-03,四,辦公費,3049,RX000078,供應商03,主管甲,部門用品批次78
EX079,同仁07,行政,2026-09-04,五,辦公費,3086,RX000079,供應商04,主管甲,部門用品批次79
EX080,同仁08,業務,2026-09-07,一,辦公費,3123,RX000080,供應商05,主管甲,部門用品批次80
EX081,同仁09,研發,2026-09-07,一,辦公費,3160,RX000081,供應商06,主管甲,部門用品批次81
EX082,同仁10,行政,2026-09-07,一,辦公費,3197,RX000082,供應商07,主管甲,部門用品批次82
EX083,同仁11,業務,2026-09-08,二,辦公費,3234,RX000083,供應商08,主管甲,部門用品批次83
EX084,同仁12,研發,2026-09-09,三,辦公費,3271,RX000084,供應商09,主管甲,部門用品批次84
EX085,同仁01,行政,2026-09-10,四,辦公費,3308,RX000085,供應商10,主管甲,部門用品批次85
EX086,同仁02,業務,2026-09-11,五,辦公費,3345,RX000086,供應商11,主管甲,部門用品批次86
EX087,同仁03,研發,2026-09-07,一,辦公費,3382,RX000087,供應商12,主管甲,部門用品批次87
EX088,同仁04,行政,2026-09-07,一,辦公費,3419,RX000088,供應商13,主管甲,部門用品批次88
EX089,同仁05,業務,2026-09-14,一,辦公費,3456,RX000089,供應商14,主管甲,部門用品批次89
EX090,同仁06,研發,2026-09-15,二,辦公費,3493,RX000090,供應商15,主管甲,部門用品批次90
EX091,同仁07,行政,2026-09-16,三,辦公費,3530,RX000091,供應商01,主管甲,部門用品批次91
EX092,同仁08,業務,2026-09-17,四,辦公費,3567,RX000092,供應商02,主管甲,部門用品批次92
EX093,同仁09,研發,2026-09-18,五,辦公費,3604,RX000093,供應商03,主管甲,部門用品批次93
EX094,同仁10,行政,2026-09-07,一,辦公費,3641,RX000094,供應商04,主管甲,部門用品批次94
EX095,同仁11,業務,2026-09-07,一,辦公費,3678,RX000095,供應商05,主管甲,部門用品批次95
EX096,同仁12,研發,2026-09-21,一,辦公費,3715,RX000096,供應商06,主管甲,部門用品批次96
EX097,同仁01,行政,2026-09-22,二,辦公費,3752,RX000097,供應商07,主管甲,部門用品批次97
EX098,同仁02,業務,2026-09-23,三,辦公費,3789,RX000098,供應商08,主管甲,部門用品批次98
EX099,同仁03,研發,2026-09-24,四,辦公費,3826,RX000099,供應商09,主管甲,部門用品批次99
EX100,同仁04,行政,2026-09-25,五,辦公費,3863,RX000100,供應商10,主管甲,部門用品批次100
