報表,項目,2024,2025
資產負債表,現金及約當現金,420000,520000
資產負債表,應收帳款,180000,240000
資產負債表,存貨,160000,220000
資產負債表,預付費用,40000,70000
資產負債表,不動產廠房及設備淨額,1200000,1400000
資產負債表,資產總計,2000000,2450000
資產負債表,應付帳款,200000,260000
資產負債表,銀行借款,500000,670000
資產負債表,其他應付款,100000,120000
資產負債表,負債總計,800000,1050000
資產負債表,股本,900000,900000
資產負債表,保留盈餘,300000,500000
資產負債表,權益總計,1200000,1400000
資產負債表,負債及權益總計,2000000,2450000
損益表,營業收入,3000000,3300000
損益表,銷貨成本,1740000,1980000
損益表,營業毛利,1260000,1320000
損益表,薪資費用,420000,520000
損益表,租金費用,180000,210000
損益表,其他營業費用,180000,240000
損益表,營業費用合計,780000,970000
損益表,營業利益,480000,350000
損益表,處分設備利益,0,150000
損益表,利息費用,30000,25000
損益表,稅前淨利,450000,475000
損益表,所得稅費用,150000,95000
損益表,本期淨利,300000,380000
補充說明,股利（保留盈餘300000＋淨利380000－股利180000＝500000）,,180000
